repo	timestamp	count_clones	uniques_clones	count_views	uniques_views	repo_name
vibecodingbutnotinthatway/formsdatarepoSCpip2026	2026-06-06	0	0	0	0	vibecodingbutnotinthatway/formsdatarepoSCpip2026
vibecodingbutnotinthatway/formsdatarepoSCpip2026	2026-06-07	0	0	0	0	vibecodingbutnotinthatway/formsdatarepoSCpip2026
vibecodingbutnotinthatway/formsdatarepoSCpip2026	2026-06-08	0	0	0	0	vibecodingbutnotinthatway/formsdatarepoSCpip2026
vibecodingbutnotinthatway/formsdatarepoSCpip2026	2026-06-09	0	0	0	0	vibecodingbutnotinthatway/formsdatarepoSCpip2026
vibecodingbutnotinthatway/formsdatarepoSCpip2026	2026-06-10	0	0	0	0	vibecodingbutnotinthatway/formsdatarepoSCpip2026
vibecodingbutnotinthatway/formsdatarepoSCpip2026	2026-06-11	0	0	0	0	vibecodingbutnotinthatway/formsdatarepoSCpip2026
vibecodingbutnotinthatway/formsdatarepoSCpip2026	2026-06-12	0	0	0	0	vibecodingbutnotinthatway/formsdatarepoSCpip2026
vibecodingbutnotinthatway/formsdatarepoSCpip2026	2026-06-13	0	0	0	0	vibecodingbutnotinthatway/formsdatarepoSCpip2026
vibecodingbutnotinthatway/formsdatarepoSCpip2026	2026-06-14	0	0	0	0	vibecodingbutnotinthatway/formsdatarepoSCpip2026
vibecodingbutnotinthatway/formsdatarepoSCpip2026	2026-06-15	0	0	0	0	vibecodingbutnotinthatway/formsdatarepoSCpip2026
vibecodingbutnotinthatway/formsdatarepoSCpip2026	2026-06-16	0	0	0	0	vibecodingbutnotinthatway/formsdatarepoSCpip2026
vibecodingbutnotinthatway/formsdatarepoSCpip2026	2026-06-17	0	0	0	0	vibecodingbutnotinthatway/formsdatarepoSCpip2026
vibecodingbutnotinthatway/formsdatarepoSCpip2026	2026-06-18	0	0	0	0	vibecodingbutnotinthatway/formsdatarepoSCpip2026
vibecodingbutnotinthatway/formsdatarepoSCpip2026	2026-06-19	0	0	0	0	vibecodingbutnotinthatway/formsdatarepoSCpip2026
